year,unemployment_rate,investment_index,average_salary,housing_price,grp_mln_rub,working_age_population_thousands,unemployment_diff,investment_diff,grp_log_growth,salary_log_growth,housing_price_log_growth
2000,12.1,124.8,2180.0,2850.0,168590.0,2655.0,,,,,
2001,10.8,118.6,1850.0,3210.0,194230.0,2662.0,-1.299999999999999,-6.200000000000003,0.1415732920163304,-0.16413923771076444,0.11895194286136501
2002,9.6,115.4,3560.0,3680.0,223450.0,2670.0,-1.200000000000001,-3.1999999999999886,0.14014465153541877,0.6545749057737051,0.13664181503891548
2003,8.4,120.2,4420.0,4150.0,261870.0,2675.0,-1.1999999999999993,4.799999999999997,0.15866052203590897,0.2163791512256683,0.12019558206176839
2004,7.5,126.7,5580.0,4890.0,312450.0,2680.0,-0.9000000000000004,6.5,0.1765962589597212,0.23304908030361204,0.16408396924417268
2005,6.9,130.3,7020.0,5740.0,378920.0,2678.0,-0.5999999999999996,3.6000000000000085,0.1928806446322433,0.2295744416445018,0.16026690684469536
2006,6.4,128.9,8650.0,6820.0,457340.0,2670.0,-0.5,-1.4000000000000057,0.1881019957636152,0.2087961029060672,0.17240026152389554
2007,5.8,125.4,10840.0,8150.0,548760.0,2658.0,-0.6000000000000005,-3.5,0.18223409068701635,0.22568367506771203,0.1781584553973996
2008,5.5,112.6,13280.0,9870.0,672150.0,2645.0,-0.2999999999999998,-12.800000000000011,0.20282034244229763,0.20301614803678802,0.19148192619261906
2009,7.2,86.4,14320.0,9240.0,645320.0,2630.0,1.7000000000000002,-26.19999999999999,-0.04073521210231945,0.07539801748421127,-0.06595796779179786
2010,6.275,94.975,16005.0,33196.17,782450.0,2615.0,-0.9249999999999998,8.574999999999989,0.19268370481123753,0.11124401188932787,1.2788926221684243
2011,4.65,107.05,19115.0,34413.4175,925670.0,2595.0,-1.625,12.075000000000003,0.1680877770313085,0.1775721937265491,0.036012024114754126
2012,4.125,107.625,22167.5,43892.4825,1012340.0,2570.0,-0.5250000000000004,0.5750000000000028,0.08950196216163064,0.1481538851236497,0.24329653202300427
2013,3.975,113.3,27990.0,43922.5475,1085230.0,2540.0,-0.1499999999999999,5.674999999999997,0.06952746327434234,0.23322005125533707,0.0006847347469953746
2014,3.925,114.0,28902.5,47909.935,1124560.0,2510.0,-0.050000000000000266,0.7000000000000028,0.035599901947048096,0.03208079303997735,0.08689509547684082
2015,3.95,94.55,31910.0,53857.45,1156780.0,2480.0,0.025000000000000355,-19.450000000000003,0.02824843515822728,0.09899134372281182,0.11701784711059737
2016,3.75,99.075,33705.0,52081.2775,1198450.0,2450.0,-0.20000000000000018,4.525000000000006,0.03538877200726276,0.054726754015250734,-0.03353521412484639
2017,3.475,110.1,37205.0,56235.597499999996,1285670.0,2390.0,-0.2749999999999999,11.024999999999991,0.07025092803637456,0.09879696654382109,0.0767444366857486
2018,3.325,121.675,40745.0,58228.9925,1398230.0,2360.0,-0.1499999999999999,11.575000000000003,0.08392716778024756,0.09088997192295878,0.03483341976626875
2019,3.3,106.575,44565.0,66244.69,1485450.0,2335.0,-0.025000000000000355,-15.099999999999994,0.060510605629799485,0.08961566481049843,0.12897192708929772
2020,3.65,92.55,47855.0,72392.41,1456120.0,2310.0,0.3500000000000001,-14.025000000000006,-0.0199423926925153,0.07122680806518922,0.08874614893135657
2021,2.65,119.1,51982.5,97258.57,1678940.0,2285.0,-1.0,26.549999999999997,0.1423872779392248,0.08273151783024169,0.2952716423672008
2022,2.275,106.25,58262.5,125212.7175,1845320.0,2260.0,-0.375,-12.849999999999994,0.09449006228763501,0.11405153822074787,0.25264092897415935
2023,2.085,104.5,65870.0,132784.5425,1985670.0,2240.0,-0.18999999999999995,-1.75,0.07330368448673319,0.12272444095374269,0.05871380244695246
2024,1.85,102.925,73310.0,170469.41,2120000.0,,-0.23499999999999988,-1.5750000000000028,0.06545970000955847,0.10701392258289211,0.24982803370696338
2025,1.725,105.325,83400.0,193425.0,2250000.0,,-0.125,2.4000000000000057,0.05951412753240781,0.1289512841292062,0.12633397329820895
